artifact	sha256	bytes	collected_at_utc	command_class	command_exit
command-outcomes.tsv	f638d92dc1ac2b851d96b6370a061d0fc3b0cde20235e9d1f96440fe71553c03	736	20260925T015333Z	collection_record	
collection.json	22abf3a1de363b4df89729c7bd89232b14a81fb74b8acfccb2415b127a91596c	1273	20260925T015333Z	collection_record	
collector-summary.md	5fc918d596898cf8b7e32aeb3bc29b8258299a4a0186e417583bd605c79c096c	568	20260925T015333Z	collection_record	
systemctl-status.txt	b63a3a848a3fb9da10fcc74e1aa84e6565d42b47276d67cc86bf6ffb7b0eb18d	305	20260925T015333Z	systemctl_status	0
systemctl-show.txt	b54877d4dc81388da3cdd8f1efc04994abf08cd87961bf6fb2c62f824a258b8b	369	20260925T015333Z	systemctl_show	0
unit-effective.txt	58ac44e20a6fd5261a6b09bde4830cbf14d28f72b43f26fcb5ef9a48e158949f	267	20260925T015333Z	systemctl_cat	0
journal.txt	4a3bb36b3b0af5523db8f390e80ec98fbffdd8bd9b3af784bc8666c9af083daf	242	20260925T015333Z	journalctl_unit	0
process.txt	288b45bb6c4ad9e5e44671d579509cf4870f536646976f50071d57eb54a3fb4c	63	20260925T015333Z	process_metadata	0
health.txt	01ba4719c80b6fe911b091a7c05124b64eeece964e09c058ef8f9805daca546b	1	20260925T015333Z	health_check	22
health.stderr	1b55b466dfe6434b82fdd9280990f49b1e7a2a8db24f65565a19158f8e9d1c8a	51	20260925T015333Z	health_check	22
unit-verify.txt	e3b0c44298fc1c149afbf4c8996fb92427ae41e4649b934ca495991b7852b855	0	20260925T015333Z	unit_verify	0
